{
    "rprs": 0.13891405531027373,
    "ars": 3.4178974495720946,
    "tmid": 2455786.62873654,
    "per": 0.78883899,
    "inc": 78.78,
    "fpfs": 0.21356716091910302,
    "omega": 259.0,
    "ecc": 0.002,
    "u1": 0.066763199,
    "u2": 0.14253664,
    "c0": 0,
    "c1": 0,
    "c2": 0,
    "c3": 0,
    "c4": 0
}