{
    "rprs": 0.13891405531027373,
    "ars": 3.4178974495720946,
    "tmid": 2455786.62873654,
    "per": 0.78883899,
    "inc": 78.78,
    "fpfs": 0.21356716091910302,
    "omega": 259.0,
    "ecc": 0.002,
    "u1": 0.066763199,
    "u2": 0.14253664,
    "c0": 0,
    "c1": -0.0005413071866970942,
    "c2": 0.0009985770806313656,
    "c3": 4.146749769032461e-05,
    "c4": 0.0005344880839190778
}